slno,name,job,employee_id
1,D'arcy,Account Executive,33391
2,Yovonnda,Executive Secretary,37270
3,Sayer,Statistician III,37851
4,Mindy,Staff Scientist,40448
5,Keriann,VP Marketing,56274
6,Alaster,Assistant Professor,63196
7,North,VP Product Management,67009
8,Elladine,Social Worker,67370
9,Nisse,Financial Advisor,68249
10,Guthrey,Office Assistant I,72540
11,Kass,Computer Systems Analyst IV,72913
12,Virge,Information Systems Manager,75900
13,Mirilla,Cost Accountant,76196
14,Lynde,Junior Executive,80529
15,Mildrid,Geologist II,80679
16,Hazel,General Manager,84791
17,Cole,Pharmacist,95213
18,Theresa,Food Chemist,96513
19,Estrellita,Staff Accountant IV,98374
20,Ivy,Structural Engineer,115357
21,abhinav,developer,12345
22,anudeep,developer,12349
23,king,president,11311
